BasementArea,GroundLivingArea,SalePrice
6.752270376141742,7.444248649496705,12.247694320220994
7.140453043101158,7.140453043101158,12.109010932687042
6.824373670043086,7.487733761436444,12.31716669303576
6.628041376179533,7.448333860897476,11.84939770159144
7.0431599159883405,7.6953031349635665,12.429216196844383
6.679599185844383,7.216709486709457,11.870599909242044
7.430114138561801,7.434847875211999,12.634603026569334
7.009408932708637,7.644919344958857,12.206072645530174
6.858565034791365,7.480992162869525,11.77452020265869
6.898714534329988,6.981934677156389,11.678439903447801
6.946975992135418,6.946975992135418,11.771436160121729
7.069023426578259,7.751045117971802,12.751299696013497
6.815639990074331,6.815639990074331,11.877568578558138
7.309212365692763,7.309212365692763,12.540757571577291
7.133295954896068,7.133295954896068,11.964001084330445
6.723832440821209,6.74993119378857,11.790557201568507
6.911747300251674,6.911747300251674,11.911701584927597
7.01571242048723,7.01571242048723,11.976659481202368
6.9363427358340495,7.199678345691172,11.842229212112828
7.05444965813294,7.773173680482536,12.692503112461443
6.456769655572163,7.010311867307229,11.845102777308561
7.482681828154651,7.492760300922379,12.345834587905333
6.946975992135418,6.966024187106113,11.77452020265869
6.966024187106113,6.966024187106113,11.944707881395766
7.356279876550748,7.3777589082278725,12.454103912352162
6.802394763324311,6.802394763324311,11.811547477460344
7.440733707389261,7.440733707389261,12.631340380934517
7.302496423727326,7.3777589082278725,12.24288661865289
6.253828811575473,6.253828811575473,11.134589024250317
6.47543271670409,7.183111701743281,10.596634733096073
7.113142108707088,7.113142108707088,11.914047823644255
7.1180162044653335,7.1180162044653335,12.100156419938624
7.242797922793756,7.438383530044307,12.016726473799254
7.353081920515432,7.353081920515432,12.533576212168626
7.018401799069201,7.804659297056102,12.641096555879882
7.00033446027523,7.00033446027523,11.884489021402711
7.167809184316444,7.167809184316444,11.938193200374572
6.963189985870238,6.963189985870238,11.59910316121128
6.992096427415888,7.188412736496954,11.982929094215963
7.2078598714324755,7.191429330036379,12.043553716032399
6.733401891837359,6.784457062637643,11.877568578558138
6.843749949006225,6.843749949006225,11.777210959615614
7.047517221357296,7.047517221357296,11.856515169360305
7.468513271496337,7.468513271496337,12.675763725937609
7.2682230211595655,7.67275789664251,12.387085012375499
7.412160334945205,7.412160334945205,12.428015476267865
6.601230118728877,7.280697195384741,11.635143097694478
6.86171134048073,6.86171134048073,11.751942365440728
6.677083461247136,7.293017679772782,12.083905011555967
6.704414354964107,7.069874128458572,11.648330101976432
6.704414354964107,6.704414354964107,11.608235644774552
7.518607216815252,7.518607216815252,12.86099861326992
5.950642552587727,7.215239978730097,11.77528972943772
7.261927092702751,7.261927092702751,12.103486056755072
6.877296071497429,7.461065514354283,12.058152515453552
6.756932389247553,7.450079569807499,12.188417710291453
7.251344983372214,7.987864096085687,12.991753427493052
6.659293919683638,6.659293919683638,11.73526869611367
7.05444965813294,7.05444965813294,11.970350312009105
6.272877006546167,7.01301578963963,11.522875795823397
7.222566018822171,7.222566018822171,12.218495165528731
6.3561076606958915,7.444248649496705,11.84939770159144
6.963189985870238,7.617759576608505,12.299107511497363
7.04141166379481,7.813187267521416,12.666657052859417
7.5740450053721995,7.699389406256737,12.100712129872347
7.2813856635702825,7.2991214627108,12.328290278254423
6.616065185132817,6.616065185132817,11.289781913656018
7.1731917424865985,7.734996194022781,12.323855681186558
7.706612913964197,7.706612913964197,12.404923504275338
6.739336627357174,6.739336627357174,11.771436160121729
6.723832440821209,7.4489161025442,12.128111104060462
6.990256500493881,6.990256500493881,11.883799128308773
6.733401891837359,7.380879035564116,11.584315461056901
6.135564891081739,6.895682697747868,11.418614785498987
6.858565034791365,6.858565034791365,11.818570237796182
6.51025834052315,7.158513997329321,11.751942365440728
7.477604243197589,7.477604243197589,11.824079893607152
6.0867747269123065,7.114769448366463,11.608235644774552
6.79794041297493,7.669495251007694,12.173032791451973
7.1204443723924875,7.198183577101943,11.941455846009388
7.354362330421477,7.354362330421477,12.409013489526863
6.970730078143525,6.970730078143525,11.747997587149712
5.950642552587727,7.295735072749282,12.034691028774553
7.160845906664299,7.790282380703483,12.468436909997665
6.52795791762255,7.352441100243583,12.066810578196666
6.416732282512326,7.1098794630722715,12.010665849187564
6.920671504248683,7.330405211844402,11.350406535472453
6.897704943128636,6.897704943128636,11.724805824005728
7.118826249062078,7.118826249062078,11.498826540590727
6.775366090936392,6.871091294610546,12.004568269319446
7.101675971619444,7.736743682453495,11.804848531679264
6.714170529909472,7.487733761436444,12.229545001715316
6.522092798170152,7.293017679772782,12.128111104060462
7.370230641807081,7.370230641807081,12.273731294003989
6.866933284461882,6.866933284461882,11.458997122944673
6.126869184114185,6.727431724850855,11.326595886778735
6.856461984594587,7.110696122978827,11.76718001130949
7.383989457978509,7.383989457978509,12.230765258120545
6.608000625296087,7.4570320891223805,12.089538829274222
7.111512116496157,7.111512116496157,12.200557464842063
6.946975992135418,7.505492274737424,12.040608205802641
6.959398512133975,7.596894438144544,12.429216196844383
6.46302945692067,6.953684210870537,11.512925464970229
6.670766320845874,6.670766320845874,11.652687407345388
6.675823221634848,7.324489979348532,11.652687407345388
7.519692404116539,7.519692404116539,12.154779351142624
6.901737206656574,7.5256399750415355,11.82700601127654
5.950642552587727,7.265429723253953,12.100712129872347
7.142036574706803,7.899524472032198,12.858319703517948
7.500529485395295,7.7226775164680035,12.287652632522597
6.93537044601511,7.749322464660356,12.46651198158808
6.591673732008658,7.284820912568604,12.078239274020289
6.9957661563048505,6.9957661563048505,11.842229212112828
7.025538314638521,7.025538314638521,11.951180395901384
7.422373700986824,8.07775756373692,12.676076274775909
6.590301048196686,7.283448228756631,12.007560729337492
6.843749949006225,6.895682697747868,12.100712129872347
6.595780513961311,7.023758954738443,11.512925464970229
6.984716320118266,6.984716320118266,11.820410164718188
7.089243155027514,7.089243155027514,11.94405831982697
7.216709486709457,7.368970402194793,12.106252310247962
6.253828811575473,6.625392368007956,11.344506813345266
6.982862751468942,6.86484777797086,11.759785542901755
6.51025834052315,6.733401891837359,11.37366339763672
6.492239835020471,7.206377291472252,11.951180395901384
6.915723448631314,6.959398512133975,11.918390573078392
6.828712071641684,7.676473646389156,12.328290278254423
6.899723107284872,7.627544390488503,12.404923504275338
6.968850378341948,7.190676034332207,11.923378114589433
7.144407180321139,7.16703787691222,12.301382825334498
7.2868764117507,7.450660796211539,12.100712129872347
7.1731917424865985,7.427738840532894,12.066810578196666
7.101675971619444,7.101675971619444,11.870599909242044
7.553286605600419,7.580189417944541,12.049418835484797
6.911747300251674,7.524021415206125,12.345834587905333
6.833031732786201,7.475339236566737,12.352335152508426
6.761572768804055,6.761572768804055,11.652687407345388
7.458186157340487,7.458186157340487,12.468436909997665
6.813444599510896,7.233455418621439,12.01974306733868
7.306531398939505,7.313886831633462,12.225875272826354
7.454719949364001,7.454719949364001,11.736069016284437
6.877296071497429,7.443663683115591,11.77528972943772
6.5722825426940075,6.774223886357614,11.56171562913966
6.784457062637643,7.618251097876695,12.312682380588432
6.984716320118266,6.984716320118266,11.856515169360305
6.79794041297493,7.203405521083095,11.652687407345388
6.876264611890766,6.876264611890766,11.711776323715394
7.444248649496705,7.444248649496705,12.827729194939907
6.715383386334681,7.597396320212795,12.154779351142624
7.379008127628304,7.132497551660044,12.367340793126296
7.090076835776092,7.090076835776092,11.736069016284437
6.349138991379798,6.999422467507961,11.27720313144916
6.651571873589727,7.584773077612199,12.504323669331189
6.898714534329988,7.5740450053721995,12.448626590364206
7.238496840894365,7.808729306744399,12.676076274775909
7.116394144093465,7.116394144093465,11.998433280751929
7.360103972989152,7.889084407035514,12.929991484756872
7.340186835320115,7.340186835320115,12.301382825334498
6.782192056006791,6.782192056006791,11.544424132029599
7.046647277848756,7.38770923908104,11.931635799828413
6.467698726104354,7.2115567333138015,11.755871643580617
7.388327859577107,7.532088143541722,12.154779351142624
7.366445148327599,7.6783263565068856,12.693498620467778
6.733401891837359,7.450079569807499,12.119969946476761
7.430114138561801,7.442492722794441,12.337100907936577
6.579251212010101,7.231287004327616,11.763684183317412
6.984716320118266,7.412160334945205,12.2783933071098
6.96979066990159,7.4770384723196965,12.384218830913648
7.216709486709457,7.216709486709457,12.0015054797889
7.381501894506707,7.409136443920128,12.122691036591123
7.091742115095153,7.67693714581808,12.400816722322686
7.048386408721883,7.630461261783627,12.259613412458204
6.9584483932976555,7.560080465021827,12.058152515453552
7.703459047867175,7.711548979629146,13.1260306447518
6.875232087276577,6.875232087276577,11.512925464970229
6.628041376179533,7.329749689041512,12.083905011555967
6.675823221634848,7.496652438168283,12.206572520571825
7.216709486709457,7.641084249174914,12.206072645530174
6.222576268071369,7.132497551660044,11.751942365440728
7.009408932708637,8.190908881182514,13.071070083016778
7.080026499922591,7.104144092987527,12.061046873479915
6.492239835020471,7.412160334945205,11.813030057420567
6.990256500493881,7.1098794630722715,11.940393392554734
7.373374309910049,7.373374309910049,12.56374708980199
6.748759547491679,7.910957382845589,12.66032791780777
6.586171654854675,7.2991214627108,12.122691036591123
7.266128779556451,7.266128779556451,12.165250651009918
6.877296071497429,7.443663683115591,11.77528972943772
6.761572768804055,6.761572768804055,11.751942365440728
6.75110146893676,7.283448228756631,11.908340237224891
7.453561871643373,7.453561871643373,12.650348126203179
7.215239978730097,8.043020885298283,12.367340793126296
6.626717749249025,7.709308333385869,11.55214617812351
7.44600149832412,7.44600149832412,12.524162674153336
7.02197642307216,7.02197642307216,11.84939770159144
7.086737934510577,7.153833801578843,12.052338545588132
6.424869023905388,7.177782416195197,11.626254150277232
6.742880635791903,6.742880635791903,11.911701584927597
6.579251212010101,7.157735484249907,11.608235644774552
7.261225091971921,7.273786317844895,12.103486056755072
7.038783541388542,7.4360278163518485,11.876873892875459
7.003065458786462,7.003065458786462,11.856515169360305
7.053585727193677,7.631431664576906,12.531772785169476
6.9957661563048505,6.9957661563048505,11.884489021402711
6.761572768804055,6.761572768804055,11.49272275765271
7.10002716662926,7.10002716662926,12.133501952695338
6.802394763324311,7.524021415206125,12.439871229831715
6.897704943128636,6.897704943128636,11.957611286231675
6.535241271013659,7.238496840894365,11.993807212363148
6.975413927455952,7.119635638017636,11.80894766169701
7.269616749608169,7.269616749608169,12.254862809699606
6.530877627725885,7.191429330036379,11.580584113444043
6.682108597449809,7.577633832602728,12.649154617209645
7.129297548929373,7.129297548929373,12.0271851854705
7.311886164077165,7.311886164077165,12.230277334226992
6.917705609835305,7.726212650507529,12.206072645530174
6.569481420414296,7.347299700743164,12.100156419938624
6.761572768804055,6.761572768804055,11.48246625748552
7.779885115070522,7.779885115070522,12.864240107194092
6.4457198193855785,7.171656822768514,11.626254150277232
7.0925737159746784,7.832014180505469,12.577636201962656
6.180016653652572,6.894670039433482,11.571194373094205
6.815639990074331,6.815639990074331,11.736069016284437
7.224753405767971,7.349230824613334,12.167851432709975
7.085064293952548,7.085064293952548,11.904967552746252
7.2875606403097235,7.935229539816907,12.90669184092882
6.180016653652572,6.894670039433482,11.456355113481834
6.795705775173514,6.795705775173514,11.761346823468706
6.756932389247553,7.580699752224563,12.285345826424681
6.180016653652572,6.894670039433482,11.401993904262946
7.254177846456518,7.254177846456518,12.130810161029627
6.903747257584598,7.463936604468925,12.178187442040638
7.434847875211999,7.434847875211999,12.669806661762314
6.5998704992128365,7.304515946460155,11.635143097694478
7.356279876550748,7.356279876550748,12.478006361013815
6.530877627725885,6.763884908562435,11.612770799939945
6.29156913955832,7.272398392570047,11.27720313144916
6.439350371100098,7.104144092987527,11.695247021764184
6.854354502255021,7.6544432264701125,12.230765258120545
7.520234556474628,7.534762657037537,12.394624752074764
6.927557906278317,7.564238475170491,11.827736204810263
7.220373836723949,7.226209010100671,11.84939770159144
6.733401891837359,7.419380582918692,12.100712129872347
7.275172319452771,7.670428522190693,12.531772785169476
6.590301048196686,7.174724309836376,11.245046019814627
7.360739903058278,7.393263094763838,12.367340793126296
6.682108597449809,7.402451520818244,12.061046873479915
7.171656822768514,7.171656822768514,11.970350312009105
7.1808311990445555,7.1808311990445555,11.884489021402711
6.882437470997847,7.736743682453495,12.345834587905333
6.761572768804055,7.454719949364001,12.24288661865289
7.38025578842646,7.38025578842646,12.301382825334498
6.870053411798126,7.491087593534876,12.352335152508426
7.216709486709457,7.231287004327616,12.078239274020289
7.301147805856032,7.853216388156072,12.528156144699286
6.226536669287466,7.10002716662926,11.925035115797062
6.8308742346461795,7.182352111885263,11.77528972943772
6.522092798170152,6.638567789166521,11.198214720130528
7.259819610363186,7.259819610363186,12.075394321888057
6.687108607866515,7.32052696227274,12.128111104060462
6.579251212010101,7.692569648067906,12.097930486910471
6.606650186198215,6.656726524178391,11.699405031912846
7.04141166379481,7.014814351275545,11.904967552746252
6.9985096422506015,7.569927655242652,12.491251587763836
7.233455418621439,7.217443431696533,12.394624752074764
7.049254841255837,7.727535110475448,12.577636201962656
7.122866658599083,7.397561535524052,11.842229212112828
6.704414354964107,6.704414354964107,11.732060994886899
6.858565034791365,7.344719054149673,12.230765258120545
7.352441100243583,7.352441100243583,12.211060187041213
6.761572768804055,6.761572768804055,11.856515169360305
7.659642954564682,7.659642954564682,12.936751613811438
7.05617528410041,7.611842399580417,12.165250651009918
6.693323668269949,7.591861714889934,12.339291489316397
7.140453043101158,7.140453043101158,12.128111104060462
7.1808311990445555,7.1808311990445555,12.24288661865289
7.291656209174461,7.291656209174461,12.407379502235209
7.362010551259734,7.362010551259734,12.096257779522967
6.437751649736401,7.1308988302963465,12.011880916165731
6.815639990074331,7.458186157340487,11.976659481202368
6.754604099487962,6.754604099487962,11.385092093460344
6.782192056006791,6.802394763324311,11.711776323715394
6.548219102762372,7.241366283322318,11.941944326032129
6.983789965258135,7.5595594960077,12.359780370124389
6.659293919683638,7.447751280047908,11.819674600139235
6.643789733147672,7.447751280047908,11.782952602183288
6.678342114654332,7.724446645633537,12.367340793126296
7.255591274253665,7.404887575616125,12.025749091398891
6.910750787961936,6.910750787961936,11.867097278690842
6.813444599510896,7.351158226430694,11.931635799828413
6.882437470997847,7.575584651557793,12.384218830913648
6.553933404025811,7.463363045520021,12.072541252905651
6.9957661563048505,7.049254841255837,11.973509872299472
7.060476365999801,7.197435354096591,11.964001084330445
6.93537044601511,7.804659297056102,12.495003937382387
7.340186835320115,7.340186835320115,12.230765258120545
6.795705775173514,6.795705775173514,11.917723684090689
7.293017679772782,8.158516244806831,12.594730635321957
7.600902459542082,7.600902459542082,12.631013530138995
6.551080335043404,7.715569534520208,12.323855681186558
5.765191102784844,7.2485040723706105,11.401993904262946
6.7580945044277305,6.7580945044277305,11.320553572322773
7.547501682814967,7.572502985020384,12.793859310432293
6.546785410760524,7.313886831633462,12.017330520933296
6.879355804460439,6.879355804460439,11.790557201568507
6.675823221634848,7.0192966537150445,11.694413341015606
7.666690200080086,7.618742377670413,12.834681304952548
6.590301048196686,7.403061091090091,12.089538829274222
6.573680166960646,7.266827347520591,12.146853285870202
6.739336627357174,7.763446388727362,12.468436909997665
6.992096427415888,7.580189417944541,12.506177237980511
7.205635176410364,7.880804344674901,12.468436909997665
7.22402480828583,7.294377299288821,12.141534124392603
7.130098510125578,7.86172707782398,12.7444443677961
7.035268599281097,7.811163385025279,12.777052192115912
7.31455283232408,7.912056888179006,12.614865543731012
7.057897937411856,7.0587581525186645,11.745425111208464
6.565264970035361,7.999007213243955,12.396693005138824
6.579251212010101,6.688354713946762,11.37366339763672
7.449498005382849,7.449498005382849,12.688498794774466
7.232010331664759,7.232010331664759,11.886211674714158
6.738152494595957,7.665753431861699,12.27606501735021
6.39024066706535,7.083387847625295,11.26446410567173
7.454719949364001,7.454719949364001,11.686878772093667
6.962243464266207,6.962243464266207,11.842229212112828
8.072779333169498,7.395721608602045,12.556729517143344
7.213768308118642,7.213768308118642,12.240474072247506
6.849066282633458,7.401231264413015,12.165250651009918
7.312553498102598,7.487733761436444,12.341258918085241
7.561121589530238,7.561121589530238,12.841129801965447
7.336936913707618,7.336936913707618,12.273731294003989
7.0967213784947605,7.390798521735676,12.218495165528731
7.102499355774649,7.102499355774649,11.951180395901384
6.874198495453294,7.553810852008231,12.220468525813907
6.580639137284949,6.734591659972948,11.314474526246391
7.428927194802272,7.428927194802272,12.491251587763836
6.284134161070802,7.013915474810528,11.350406535472453
6.879355804460439,7.3632795869630385,11.850825253582627
6.86484777797086,6.86484777797086,11.928340903931561
7.298445101508147,7.298445101508147,11.967180737247824
6.638567789166521,7.3938782901077555,11.944707881395766
7.521859252201629,7.911324018963353,12.988040814744458
7.533158807455563,7.533158807455563,12.669998467265833
7.2813856635702825,7.2813856635702825,12.154779351142624
6.423246963533519,7.01301578963963,11.461632170582678
6.436150368369428,6.579251212010101,11.570250531589497
6.84587987526405,7.374629015218945,11.84939770159144
7.090076835776092,7.090076835776092,12.086725887897607
7.05444965813294,7.062191632286556,12.061046873479915
7.040536390215956,7.040536390215956,11.805595078933049
6.967909201801884,7.20934025660291,11.77528972943772
6.990256500493881,7.562161631225652,12.542544882151386
6.78897174299217,6.815639990074331,11.957611286231675
6.78332520060396,7.316548177182976,11.884489021402711
6.180016653652572,6.894670039433482,11.678439903447801
6.679599185844383,7.3613754289773485,12.154779351142624
6.51025834052315,7.203405521083095,11.898187865760873
7.2399325913204695,7.2399325913204695,11.976659481202368
7.002155954403621,7.266128779556451,12.013700752882718
7.145196134997171,7.145196134997171,11.790557201568507
6.968850378341948,7.160069207596127,11.99535161421452
6.859614903654202,7.416979621381154,12.05757263721173
6.612041034833092,6.62273632394984,11.736069016284437
6.410174881966167,7.1846291527173145,11.719939634354555
6.741700694652055,7.564238475170491,12.299107511497363
6.52649485957079,6.806829360392176,11.018629143155449
6.76849321164863,6.81783057145415,11.904967552746252
7.365180126021013,7.81035268372429,12.736700896592344
7.526178913346146,7.526178913346146,12.885202034321916
6.889591308354466,7.495541943884256,12.095141084822892
6.933423025730715,7.43307534889858,11.751942365440728
7.164720378771857,7.170888478512505,12.142866569626381
6.844815479208263,7.493873886783559,12.271392111650817
6.664409020350408,6.664409020350408,11.238488619268468
7.365180126021013,7.577121930876679,12.388394202324129
7.135687347028144,7.1459844677143876,12.165250651009918
6.489204931325317,7.076653815443951,11.302204433654575
6.947937068614969,7.025538314638521,11.736069016284437
7.291656209174461,7.2991214627108,12.160028707028767
7.427738840532894,7.754481547470383,12.962194625251508
6.7580945044277305,7.220373836723949,11.686878772093667
6.6895992691789665,7.581209826196346,12.2783933071098
6.669498089857879,6.669498089857879,11.512925464970229
6.5998704992128365,6.9411900550683745,11.59910316121128
7.042286171939743,7.042286171939743,11.76756768334381
6.795705775173514,6.795705775173514,11.719939634354555
6.761572768804055,7.502186486602924,12.040608205802641
6.8679744089702925,6.981934677156389,11.112447898373103
6.9957661563048505,7.346010209913293,12.392552212472792
7.138866999945524,7.160845906664299,12.411052226216713
7.177782416195197,7.177782416195197,12.01364014498549
6.51025834052315,6.51025834052315,11.589886506106357
7.039660349862076,7.724446645633537,12.460714863903755
6.692083742506628,7.360103972989152,12.031719258385396
7.155396301896734,7.3901814282264295,11.918390573078392
6.96979066990159,7.40184157874383,11.652687407345388
6.733401891837359,7.426549072397305,12.083905011555967
6.968850378341948,7.683403681053826,12.542544882151386
6.9411900550683745,7.639161171659173,12.73596533201339
7.151485463904735,7.151485463904735,11.002099841204238
6.962243464266207,6.962243464266207,11.884489021402711
7.293017679772782,7.298445101508147,12.310432660854417
6.915723448631314,6.93537044601511,11.652687407345388
6.984716320118266,7.64826303090192,12.337100907936577
7.200424892944957,7.200424892944957,12.106992367829498
6.51025834052315,7.24422751560335,11.915051671812877
7.222566018822171,7.8724551500639794,12.384218830913648
6.628041376179533,7.033506484287697,11.744037185933616
6.962243464266207,6.962243464266207,11.863582336583399
7.203405521083095,7.203405521083095,12.237086699059343
7.379008127628304,7.379008127628304,12.2783933071098
6.895682697747868,6.895682697747868,11.635143097694478
7.293017679772782,7.874739125171811,12.66032791780777
7.086737934510577,7.086737934510577,11.842229212112828
6.478509642208569,7.236339342754344,11.813030057420567
7.325148957955575,7.404887575616125,12.524526376648708
6.810142450115136,6.810142450115136,11.59917655301345
7.0967213784947605,7.0967213784947605,12.182804018590819
7.238496840894365,7.252762418053187,12.072541252905651
6.180016653652572,6.894670039433482,11.355101379776661
6.803505257608338,7.088408778675395,11.288531131754366
6.639875833826536,7.21890970761906,11.715866308966918
6.8308742346461795,7.38025578842646,12.106252310247962
6.4457198193855785,6.4457198193855785,11.302204433654575
6.683360945766275,7.415175109613295,12.26434155365415
6.473890696352274,7.0192966537150445,11.661345470088502
6.784457062637643,6.806829360392176,11.686878772093667
6.0867747269123065,6.542471960506805,11.411446296020374
6.52795791762255,7.086737934510577,11.608235644774552
8.037220031133012,7.784057002639929,13.226723392728571
7.272398392570047,7.272398392570047,11.678439903447801
6.982862751468942,7.360739903058278,12.000891794590137
7.1372784372603855,7.1372784372603855,12.058152515453552
6.818924065275521,7.553810852008231,12.254862809699606
7.269616749608169,7.4318919168078,11.755871643580617
7.324489979348532,7.543273346705446,12.154779351142624
6.835184586147301,7.542213463193403,12.205572520488492
6.659293919683638,7.226936018493289,11.691071650353702
6.47543271670409,7.075808863978387,11.695247021764184
6.70073110954781,6.70073110954781,11.608235644774552
7.334981878871814,7.334981878871814,12.542544882151386
6.77078942390898,7.470793774195062,12.225875272826354
6.643789733147672,7.371489295214277,12.254862809699606
7.454719949364001,7.454719949364001,12.144197241812087
7.124478262493424,7.124478262493424,12.075394321888057
6.436150368369428,7.203405521083095,11.49272275765271
7.218176838403408,7.416378479192928,12.4529327234617
6.376726947898627,7.418180822726788,11.9891596439666
6.5638555265321274,7.0925737159746784,11.608235644774552
6.723832440821209,7.5678626054638825,12.481561937216318
6.327936783729195,7.034387929915503,11.951180395901384
6.761572768804055,6.761572768804055,11.041048081342682
6.5722825426940075,7.414572881350589,12.147913731356642
6.946975992135418,6.946975992135418,11.728036844587175
7.226209010100671,7.254177846456518,12.093687514935382
7.152268856032539,7.152268856032539,12.025749091398891
6.590301048196686,7.404887575616125,11.894780707439258
7.3938782901077555,7.3987862754199485,12.429216196844383
6.723832440821209,7.444248649496705,12.138863895836725
7.305188215393037,7.31455283232408,12.26434155365415
6.694562058521095,7.585281078639126,12.154779351142624
6.304448802421981,6.977281341630747,11.904967552746252
7.588829878307813,7.588829878307813,12.994530005894443
7.309212365692763,7.409741954080923,12.43320821811392
6.877296071497429,6.877296071497429,11.794337924408413
7.298445101508147,7.30854279753919,12.249610947544657
7.674617497364363,7.879669914604289,12.84792653170257
7.4413203897176174,7.4489161025442,12.601487417784837
6.810142450115136,7.030857476116121,11.401669829409995
7.513709247839705,7.52294091807237,12.694652660348845
7.491087593534876,7.491087593534876,12.832011076396668
6.813444599510896,7.509883061154913,11.951180395901384
7.103322062526113,7.103322062526113,12.007621706806335
6.906754778648554,6.906754778648554,11.794337924408413
7.014814351275545,7.014814351275545,11.898187865760873
6.9782137426306985,6.9782137426306985,11.957611286231675
7.302496423727326,7.302496423727326,12.072541252905651
6.860663671448287,7.789040401657477,11.982929094215963
6.4457198193855785,6.4457198193855785,11.362102575235644
5.575949103146316,7.1731917424865985,11.652687407345388
6.692083742506628,7.363913501405819,11.79810440720389
6.590301048196686,7.283448228756631,12.059803326028716
7.1459844677143876,7.1459844677143876,11.951180395901384
5.247024072160486,6.786716950605081,11.421906066583059
6.579251212010101,6.579251212010101,10.460242108190519
8.070906088787819,8.07961802938984,12.971540487669746
6.933423025730715,7.506591780070841,12.122691036591123
6.761572768804055,6.80128303447162,11.77528972943772
6.815639990074331,6.815639990074331,11.695247021764184
6.51025834052315,7.1049654482698426,11.635143097694478
6.763884908562435,7.477604243197589,12.33138283649562
7.101675971619444,7.101675971619444,11.84939770159144
7.313886831633462,7.496097345175956,12.57418196709457
6.75110146893676,7.186901020411631,11.898187865760873
6.866933284461882,7.580699752224563,11.732060994886899
6.655440350367647,7.555381944240273,12.2783933071098
7.1049654482698426,7.1049654482698426,12.246734627249063
6.535241271013659,7.228388451573604,11.9891596439666
6.947937068614969,6.947937068614969,11.732060994886899
6.915723448631314,7.217443431696533,12.01309450854769
7.221105098182496,7.221105098182496,12.219309648562168
6.761572768804055,6.761572768804055,11.77452020265869
6.988413181999592,6.984716320118266,11.805595078933049
6.643789733147672,6.670766320845874,11.477298287327077
7.603897968521881,7.61085279039525,12.906346868281233
6.535241271013659,7.6586995582682995,11.970350312009105
7.142036574706803,7.759614150696903,12.487485104968359
6.677083461247136,7.493317248862145,12.259613412458204
7.151485463904735,7.640123172695364,12.363076394339839
7.126087273299125,7.126087273299125,11.918390573078392
6.911747300251674,7.416979621381154,11.976659481202368
7.229113877793302,7.7823903355874595,12.662706040212738
7.136483208590247,7.143617602704121,12.078239274020289
6.833031732786201,6.833031732786201,11.790557201568507
7.280697195384741,7.905810312658931,13.008659261632127
6.269096283706261,6.405228458030842,11.362102575235644
7.618251097876695,7.83002808253384,12.209187788430318
7.2868764117507,7.319202458767849,12.072541252905651
6.415096959171596,7.216709486709457,11.759785542901755
6.561030665896573,7.254177846456518,12.089538829274222
7.018401799069201,7.205635176410364,11.585246126549855
6.779921907472252,7.452402451223638,12.144197241812087
6.761572768804055,6.761572768804055,11.619535200028487
6.957497370876951,7.055312843339752,11.970350312009105
7.365812837209472,7.3783837129967145,12.513557345278134
7.516433302915632,7.516433302915632,12.66032791780777
6.876264611890766,7.734121303328305,12.421184025147118
7.408530566894626,7.426549072397305,12.270220465353926
6.583409222158765,6.642486801367256,11.79810440720389
6.483107351457199,7.310550158534422,12.09884928474215
7.093404625868766,7.688455356549944,12.341477282536376
6.970730078143525,7.399398083331354,12.254862809699606
6.643789733147672,6.643789733147672,11.771436160121729
6.715383386334681,6.715383386334681,11.736069016284437
6.815639990074331,7.646831391430482,12.479909311159902
6.974478911025045,6.974478911025045,11.84939770159144
6.833031732786201,6.833031732786201,11.630708500626612
7.443663683115591,7.448333860897476,12.450977688625896
6.905753276311464,7.6236419465115715,12.556729517143344
6.900730664045173,6.954638864880987,11.635143097694478
6.9957661563048505,6.9957661563048505,11.856515169360305
6.456769655572163,7.197435354096591,11.589886506106357
6.591673732008658,7.27655640271871,12.072541252905651
7.2254814727822945,7.350516171833998,12.363076394339839
7.238496840894365,7.238496840894365,11.70766954176274
7.236339342754344,7.236339342754344,12.043553716032399
6.903747257584598,6.903747257584598,11.589886506106357
7.0587581525186645,7.422971251049421,12.128111104060462
6.9985096422506015,7.738488122494646,12.498742259492994
6.692083742506628,7.4067107301776405,11.759785542901755
7.022868086082641,7.825644732219989,12.691580461311874
7.324489979348532,7.336285660021297,12.273731294003989
7.310550158534422,7.664815785285735,12.66539442642905
6.849066282633458,6.849066282633458,11.820116003810051
7.454719949364001,7.454719949364001,11.867798786962332
6.761572768804055,6.761572768804055,11.695247021764184
6.740519359606223,7.433666540166168,12.321630986164447
5.950642552587727,7.265429723253953,12.043553716032399
5.918893854273146,7.011213987350367,11.842229212112828
6.723832440821209,7.103322062526113,11.682668239557323
6.7580945044277305,7.29776828253138,11.884489021402711
7.059617628291383,7.1853870155804165,12.010665849187564
6.535241271013659,7.238496840894365,11.891361900690473
6.956545443151569,7.492760300922379,11.786762130599957
7.042286171939743,7.264730177929867,12.111212364506214
7.621684998724611,7.621684998724611,12.442302200392747
6.704414354964107,6.704414354964107,11.682668239557323
7.1204443723924875,7.928406026180535,12.691580461311874
6.784457062637643,7.360739903058278,11.79810440720389
7.532623618788788,7.614805364711073,12.820987977820545
6.704414354964107,6.731018100482083,11.77528972943772
6.733401891837359,6.756932389247553,11.827736204810263
7.270312886079025,7.29505641646263,11.870599909242044
6.60934924316738,6.840546529288687,11.283512300642423
6.646390514847729,7.366445148327599,12.132964173709535
7.451241684987676,7.738923757439457,13.021326833226556
6.704414354964107,6.704414354964107,11.835008964139341
6.742880635791903,6.742880635791903,11.84939770159144
6.828712071641684,6.828712071641684,11.608235644774552
7.503289630675082,7.509883061154913,12.672946381766982
6.52795791762255,7.221105098182496,11.648365035864053
7.1372784372603855,7.2456550675945355,12.17664898415669
7.265429723253953,7.4067107301776405,12.289954129510877
6.573680166960646,7.349873704738337,11.925035115797062
6.964135612418245,7.55171221535131,12.524526376648708
6.659293919683638,7.226209010100671,11.856515169360305
6.811244378601294,7.557472901614746,12.301382825334498
6.396929655216146,7.090076835776092,11.925035115797062
7.309212365692763,7.309212365692763,12.30591798049989
6.643789733147672,7.593877844605118,12.230765258120545
6.946975992135418,6.946975992135418,11.931635799828413
6.79794041297493,7.60489448081162,12.323855681186558
6.872128101338986,8.069029328774958,12.791356180214175
6.9363427358340495,6.9363427358340495,11.682668239557323
7.272398392570047,7.674617497364363,12.65395846952229
6.939253946041508,6.939253946041508,11.904967552746252
7.1693500166706,7.534762657037537,12.474189562487116
7.02108396428914,7.02108396428914,11.898187865760873
6.4457198193855785,6.4457198193855785,11.231887935237117
6.841615476477592,6.960347729101308,11.831379196088763
6.663132695990803,7.319202458767849,12.118333731222167
6.723832440821209,6.723832440821209,11.566466231898259
7.507690077819904,7.510977752014095,12.659734090733718
7.301147805856032,7.724004656676065,12.628067055589549
6.761572768804055,6.761572768804055,11.112447898373103
7.3277805384216315,7.868636894184167,12.388394202324129
6.887552571664617,6.887552571664617,11.813030057420567
6.628041376179533,7.321188556739478,12.034691028774553
6.595780513961311,7.489970898834801,12.014609430818936
7.017506142941256,7.017506142941256,11.982929094215963
6.885509670034818,7.259819610363186,11.848683160653573
7.052721049232323,7.326465613840322,11.938193200374572
6.946975992135418,7.640123172695364,11.813030057420567
7.129297548929373,7.2078598714324755,12.034691028774553
6.455198563340122,7.4673710669175595,11.728036844587175
7.348587530927593,7.348587530927593,12.25247901834433
7.234177179749849,7.252053951852814,11.320553572322773
6.962243464266207,6.962243464266207,11.845102777308561
6.962243464266207,6.962243464266207,11.877568578558138
7.272398392570047,8.130059039992796,12.206072645530174
5.575949103146316,6.684611727667927,11.002099841204238
6.698268054115413,7.234898420314831,11.440354772135393
6.679599185844383,6.679599185844383,11.350406535472453
7.326465613840322,7.356918242356021,12.485827127509431
7.325148957955575,7.325148957955575,12.520883385370206
6.963189985870238,7.564757012905729,12.328290278254423
7.5766097669730375,7.902487437162855,12.751299696013497
6.659293919683638,7.3901814282264295,11.931635799828413
7.476472381163905,7.476472381163905,12.823628446539173
6.8885724595653635,6.8885724595653635,11.872346634576987
6.9975959829819265,6.9975959829819265,11.951180395901384
6.628041376179533,7.516977224604321,11.951180395901384
6.4457198193855785,6.4457198193855785,11.344506813345266
6.70073110954781,7.417580402414544,12.235388699864227
6.626717749249025,7.31986492980897,11.589886506106357
6.779921907472252,7.447751280047908,12.160028707028767
6.628041376179533,7.292337176173877,11.813030057420567
7.653969180478774,7.655864017616056,12.765688433465597
6.263398262591624,6.9957661563048505,11.385092093460344
6.959398512133975,6.959398512133975,11.887931365593685
6.654152520183219,7.31455283232408,11.911701584927597
6.815639990074331,7.284820912568604,11.487607656985938
7.303843225277705,7.303843225277705,12.025749091398891
6.675823221634848,7.5678626054638825,12.195517131590657
7.395721608602045,7.803026643632217,12.904207367601158
7.238496840894365,7.238496840894365,11.608235644774552
7.037027614686276,7.074116816197362,11.831379196088763
7.638679823876112,7.64826303090192,12.955127458028414
7.2485040723706105,7.568379267836522,12.348006141418841
6.928537818164665,7.77485576666552,11.76756768334381
7.249925536717988,7.425953657077541,12.173032791451973
7.080026499922591,7.270312886079025,12.031719258385396
6.551080335043404,7.07326971745971,11.831379196088763
6.6039438246004725,7.297091005160418,12.063932878369052
6.51025834052315,7.221835825288449,11.54829260880752
7.0967213784947605,7.0967213784947605,12.013700752882718
7.29776828253138,7.516977224604321,12.458774999085929
7.035268599281097,7.035268599281097,11.84939770159144
6.75110146893676,7.273092595999522,11.908340237224891
6.9985096422506015,7.480992162869525,11.37366339763672
6.643789733147672,6.674561391814426,11.603679828238693
7.6236419465115715,7.6236419465115715,12.827992316801751
6.895682697747868,6.895682697747868,11.763684183317412
6.827629234502852,6.827629234502852,11.870599909242044
6.675823221634848,7.326465613840322,11.979385322467598
7.1631723908466425,7.1631723908466425,12.061046873479915
7.3938782901077555,7.419380582918692,12.560244459250788
7.085901464365611,7.516977224604321,12.30591798049989
7.081708586105575,7.644919344958857,12.24288661865289
6.773080375655535,7.473637108496206,12.336552511980964
6.311734809152915,7.004881989712859,11.910358401381128
7.257707677160043,7.257707677160043,12.8790171187726
7.216709486709457,7.216709486709457,12.17921519136029
6.742880635791903,6.742880635791903,11.856515169360305
7.8013913202914855,8.370084326378025,13.534473028231162
7.098375638590786,7.831617276352611,12.721885810807203
6.9782137426306985,6.9782137426306985,11.594321103174222
6.831953565565855,7.338888133838879,11.86005499606543
7.013915474810528,7.036148493750536,12.078239274020289
6.423246963533519,6.423246963533519,11.396391648714276
6.887552571664617,7.045776576879511,11.72399643505017
6.795705775173514,6.795705775173514,11.83862560460953
7.237778191923443,7.237778191923443,12.185869938212655
7.495541943884256,7.495541943884256,12.652359748158593
7.059617628291383,7.059617628291383,11.84939770159144
7.1180162044653335,7.853993087224244,12.799175708864519
5.886104031450156,7.502186486602924,11.84939770159144
7.29505641646263,7.302496423727326,12.269047444691562
7.404279118037268,7.508787170634276,12.618182296357007
7.188412736496954,7.188412736496954,12.445089546000673
6.590301048196686,7.283448228756631,12.09815330331068
6.775366090936392,6.806829360392176,11.607326140391713
5.598421958998375,6.591673732008658,10.858998997563564
6.755768921984255,7.071573364211532,11.540307141711446
7.113142108707088,7.113142108707088,12.14950229404178
6.866933284461882,6.866933284461882,11.76756768334381
6.586171654854675,7.2991214627108,11.779128505744886
6.96979066990159,7.2078598714324755,12.013700752882718
6.576469569048224,7.845416036592485,11.979799201207037
7.069874128458572,7.071573364211532,11.964001084330445
7.1785454837637,7.790696031174738,12.739637756265655
6.878326468291325,6.878326468291325,11.763684183317412
7.462789157412448,7.462789157412448,12.524526376648708
6.742880635791903,6.742880635791903,11.870599909242044
6.761572768804055,6.761572768804055,11.732060994886899
6.846943139585379,7.293017679772782,11.813030057420567
7.437206366871292,7.437206366871292,12.676076274775909
6.761572768804055,6.761572768804055,11.699405031912846
6.779921907472252,7.426549072397305,12.310432660854417
7.116394144093465,7.116394144093465,12.178187442040638
7.367708572374371,7.4821189235521155,11.608235644774552
6.659293919683638,7.0967213784947605,11.542484267211773
7.374629015218945,7.38770923908104,12.373703486914124
6.7661917146603505,7.044032897274685,12.141534124392603
7.050122520269059,7.616283561580385,12.312682380588432
6.761572768804055,7.042286171939743,11.786001385032646
6.854354502255021,6.854354502255021,11.589886506106357
6.779921907472252,7.477604243197589,12.0015054797889
6.794586580876499,7.496097345175956,12.387977448827787
7.090076835776092,7.090076835776092,12.095141084822892
6.761572768804055,7.454719949364001,12.154779351142624
5.575949103146316,7.266827347520591,11.790557201568507
6.815639990074331,6.815639990074331,11.863582336583399
7.207118856207756,7.207118856207756,12.095141084822892
6.253828811575473,7.288927694521257,12.072541252905651
7.198183577101943,7.198183577101943,12.100712129872347
7.040536390215956,7.906547232368036,12.610870864650634
6.858565034791365,7.721348612617949,12.371587084007746
7.122866658599083,7.878534196140362,12.491172637278908
7.450079569807499,7.450079569807499,12.46997418931655
6.3561076606958915,7.038783541388542,11.477298287327077
6.492239835020471,7.1853870155804165,11.99535161421452
7.2991214627108,7.309212365692763,12.287652632522597
6.937314081223682,7.6487397889562425,12.526342907575106
6.933423025730715,6.933423025730715,11.957611286231675
6.591673732008658,7.293697720601438,12.058152515453552
6.763884908562435,7.477604243197589,12.26434155365415
6.51025834052315,7.234177179749849,11.976030352524807
6.612041034833092,7.313886831633462,12.097373228606832
7.183870715062453,7.836369760545124,12.577636201962656
6.761572768804055,6.761572768804055,11.755871643580617
7.0431599159883405,7.170888478512505,11.512925464970229
6.628041376179533,7.344072850573066,12.279323107269766
7.132497551660044,7.768533300926033,12.727838209334498
7.309212365692763,7.309212365692763,12.506177237980511
7.311886164077165,7.317212408359839,12.484204257170104
6.887552571664617,7.446585099157725,12.188417710291453
6.890609120147166,7.4673710669175595,11.982929094215963
7.528331766707247,7.515344571180436,12.28690119819279
7.408530566894626,8.095293776844649,13.195613839143922
6.754604099487962,6.754604099487962,11.812289042195847
6.728628613084702,7.106606137727303,11.532728092266408
6.9363427358340495,7.018401799069201,11.580584113444043
6.815639990074331,6.815639990074331,11.648330101976432
7.5678626054638825,7.587310506022615,12.886641043883259
7.093404625868766,7.093404625868766,11.99535161421452
7.3864708488298945,7.3864708488298945,12.308177868467327
6.761572768804055,6.795705775173514,11.867097278690842
6.882437470997847,6.911747300251674,11.813030057420567
7.1204443723924875,7.133295954896068,12.078239274020289
6.634633357861686,7.3796321526095525,12.077670930725649
7.253470382684528,7.265429723253953,12.139398512262181
7.00033446027523,7.01211529430638,12.016726473799254
6.60934924316738,7.302496423727326,11.759785542901755
7.22402480828583,7.201916317531627,11.992260421644849
6.530877627725885,7.409741954080923,11.842229212112828
6.862757913051401,7.642044402873258,12.358793732547838
6.803505257608338,6.803505257608338,11.588960151246226
6.723832440821209,7.643482907077201,12.141534124392603
7.0431599159883405,7.0431599159883405,11.984178313616395
6.9363427358340495,6.967909201801884,11.896826395162552
7.018401799069201,7.607381425639791,12.50539915757667
7.310550158534422,7.310550158534422,12.323855681186558
6.568077911411976,7.546974117516527,12.178187442040638
6.476972362889683,7.355001921105257,12.049418835484797
6.492239835020471,7.158513997329321,11.874090314181814
6.650279048587422,6.650279048587422,11.608235644774552
7.563200592358071,8.0519780789023,13.091904169919621
6.594413459749778,7.477604243197589,12.072541252905651
6.423246963533519,7.431299675155903,12.206072645530174
7.086737934510577,7.086737934510577,11.607326140391713
6.590301048196686,7.283448228756631,12.14950229404178
7.458186157340487,7.945201132412759,13.275827535915461
6.841615476477592,7.028201432058005,11.678439903447801
7.256297239690681,7.2640301428995295,12.33569641332368
6.887552571664617,6.887552571664617,11.816726919301892
7.188412736496954,7.362645270417825,12.31716669303576
6.931471805599453,6.990256500493881,11.982616545377663
6.744059186311348,7.6676260915849905,11.571194373094205
6.946975992135418,7.1770187659099,12.106252310247962
6.742880635791903,6.742880635791903,11.881034786534624
6.29156913955832,6.950814768442584,10.932981961904135
7.273786317844895,7.273786317844895,11.969717200243734
6.530877627725885,7.1308988302963465,11.661345470088502
7.407924322559599,7.415175109613295,12.323411137947407
6.915723448631314,6.915723448631314,11.827736204810263
7.357556200910353,7.4318919168078,12.509874099861838
6.917705609835305,6.9584483932976555,11.951180395901384
7.213768308118642,7.213768308118642,12.319401330837177
6.682108597449809,7.402451520818244,12.117241431823558
6.841615476477592,6.841615476477592,11.440354772135393
6.741700694652055,7.457609289715606,12.323855681186558
6.656726524178391,7.305860032684009,11.845819880243557
7.305860032684009,7.305860032684009,12.3570755190667
7.639161171659173,7.642044402873258,12.86099861326992
6.664409020350408,6.664409020350408,11.603679828238693
7.282073658093465,7.2682230211595655,12.14950229404178
6.920671504248683,7.661997558901893,12.128111104060462
6.396929655216146,7.109062135687172,11.900905258737373
7.238496840894365,7.238496840894365,12.01974306733868
6.396929655216146,7.090076835776092,11.925035115797062
6.846943139585379,7.511524648390866,12.375815420117268
7.323830566202317,7.323830566202317,12.025749091398891
7.042286171939743,7.042286171939743,11.8490404949436
6.9726062513017535,6.9726062513017535,11.759785542901755
7.351799869057777,7.351799869057777,11.941455846009388
6.180016653652572,6.894670039433482,11.512925464970229
7.002155954403621,7.002155954403621,11.877568578558138
6.643789733147672,7.090076835776092,11.779128505744886
6.51025834052315,7.301147805856032,11.84939770159144
6.476972362889683,7.338888133838879,11.967180737247824
7.027314514039777,7.060476365999801,12.071969661006694
7.495541943884256,7.495541943884256,11.856515169360305
6.775366090936392,7.255591274253665,11.94405831982697
7.237059026124737,7.438971592395862,12.049418835484797
6.606650186198215,7.4815557019095165,12.269047444691562
6.761572768804055,6.761572768804055,11.801856756822442
6.810142450115136,7.765569081097317,12.388394202324129
6.269096283706261,7.5256399750415355,12.138863895836725
6.742880635791903,6.742880635791903,11.786762130599957
7.149131598557407,7.283448228756631,12.2783933071098
6.822197390620491,7.406103381237015,12.007621706806335
7.027314514039777,7.275864600546533,11.970350312009105
7.47477218239787,7.483806687665835,12.043553716032399
6.946975992135418,6.946975992135418,11.751942365440728
6.84587987526405,6.933423025730715,11.898187865760873
6.553933404025811,7.300472814267799,12.066810578196666
6.993932975223189,7.222566018822171,11.931635799828413
6.960347729101308,7.8838232148921525,12.429216196844383
6.815639990074331,7.262628600974241,12.154516158615772
6.946013991099227,6.946013991099227,11.786762130599957
6.946975992135418,7.00033446027523,11.931635799828413
7.045776576879511,7.045776576879511,11.794337924408413
7.22402480828583,7.22402480828583,12.431533509799543
6.90975328164481,6.90975328164481,11.908340237224891
7.401231264413015,7.406103381237015,12.424806488355683
6.946975992135418,7.02108396428914,11.76756768334381
6.956545443151569,7.575071699507561,12.371587084007746
6.795705775173514,6.795705775173514,11.603679828238693
6.6895992691789665,7.427738840532894,12.20856952572876
4.653960350157523,6.813444599510896,11.661345470088502
6.723832440821209,7.145196134997171,11.79810440720389
6.516193076042964,7.030857476116121,11.104957226643945
7.076653815443951,7.867105500316739,12.623061104072981
6.96979066990159,6.946975992135418,11.792449349720545
7.2875606403097235,7.707062655370473,12.765688433465597
7.011213987350367,7.051855622955894,11.904967552746252
6.761572768804055,6.761572768804055,11.824079893607152
6.993932975223189,6.993932975223189,11.964001084330445
7.052721049232323,7.448333860897476,12.141534124392603
6.694562058521095,7.373374309910049,12.089538829274222
6.678342114654332,7.709756864454165,11.682668239557323
6.79346613258001,6.79346613258001,11.512925464970229
7.437206366871292,7.443663683115591,12.703509032177148
7.3938782901077555,7.445417556701687,11.884489021402711
6.704414354964107,7.239214973779806,11.816726919301892
7.7039102096163115,7.7039102096163115,12.498742259492994
7.316548177182976,7.316548177182976,11.915051671812877
6.51025834052315,6.828712071641684,11.719126295554126
6.822197390620491,7.428333194190806,12.058152515453552
6.9650803456014065,6.97354301952014,11.947949375319936
7.232010331664759,7.232010331664759,12.013700752882718
6.659293919683638,7.493317248862145,11.84939770159144
6.85751406254539,6.85751406254539,11.575900264131617
7.753623546559746,7.768110378525988,13.323926946863102
6.815639990074331,7.119635638017636,11.813030057420567
6.754604099487962,6.754604099487962,11.608235644774552
6.899723107284872,7.174724309836376,11.938193200374572
6.663132695990803,7.319202458767849,12.100712129872347
7.4205789054108005,7.4205789054108005,12.388394202324129
6.775366090936392,6.804614520062624,11.740061037553975
6.962243464266207,6.968850378341948,11.759785542901755
7.392031567514591,7.400009517162692,12.449018824140563
6.92461239604856,7.6290038896529575,12.429216196844383
6.761572768804055,6.804614520062624,11.782952602183288
6.60934924316738,7.302496423727326,12.066810578196666
7.007600613951853,7.729295674310482,11.946654038351252
7.145196134997171,7.145196134997171,11.874090314181814
6.643789733147672,6.922643891475888,11.385092093460344
6.90875477931522,7.601901959875166,11.884489021402711
6.416732282512326,7.1098794630722715,12.065274916913605
6.302618975744905,6.9957661563048505,11.225243392518447
6.173786103901937,6.173786103901937,10.47194980911048
7.033506484287697,7.113956109566034,11.813030057420567
7.00669522683704,7.6624678152002375,12.380025952653611
7.076653815443951,7.254177846456518,12.081076155355488
6.833031732786201,7.450660796211539,12.211060187041213
7.148345743900068,7.696212639346407,11.890676734510876
7.182352111885263,7.182352111885263,12.043494890772815
7.38025578842646,7.388327859577107,12.170445467887022
7.430114138561801,7.430114138561801,12.24288661865289
7.026426808699636,7.026426808699636,12.072541252905651
7.074116816197362,7.772331575169614,12.560244459250788
6.723832440821209,7.589841512182657,12.078239274020289
7.469083884921234,7.488852955733459,12.373703486914124
6.871091294610546,7.71244383427499,12.310432660854417
7.290292882446597,7.290292882446597,12.211060187041213
6.829793737512425,6.829793737512425,11.67419361256635
7.552237287560802,7.552237287560802,12.676076274775909
7.313220387090301,7.313220387090301,12.154779351142624
6.371611847231857,7.634820677745543,12.396693005138824
6.396929655216146,6.616065185132817,11.288531131754366
7.069874128458572,7.090076835776092,12.127570417375216
7.014814351275545,7.58629630715272,12.441144767709657
7.237778191923443,7.581719640125308,12.38755635142507
6.939253946041508,7.784473235736469,12.406561506279576
7.454719949364001,7.454719949364001,11.924372644755941
6.899723107284872,7.630461261783627,12.273731294003989
7.272398392570047,7.272398392570047,11.918390573078392
7.397561535524052,7.397561535524052,11.870599909242044
6.70808408385307,7.203405521083095,11.831379196088763
6.992096427415888,7.533158807455563,11.73526869611367
7.042286171939743,7.042286171939743,11.870599909242044
7.38770923908104,7.395721608602045,12.506177237980511
6.841615476477592,7.4821189235521155,12.167851432709975
7.057036981697891,7.2305631534092925,12.193493863323313
6.761572768804055,6.761572768804055,11.76756768334381
6.71901315438526,6.872128101338986,11.694413341015606
6.643789733147672,6.643789733147672,11.804848531679264
6.664409020350408,7.584773077612199,12.05524975579559
6.851184927493743,6.887552571664617,11.755871643580617
6.88653164253051,7.579678823090456,11.884489021402711
6.329720905522696,7.113956109566034,11.728036844587175
6.963189985870238,6.963189985870238,11.790557201568507
7.198183577101943,7.198183577101943,12.128111104060462
6.54534966033442,7.255591274253665,11.951180395901384
6.754604099487962,6.754604099487962,11.665646551987892
7.1929342212158,7.962763930168115,12.513557345278134
6.6895992691789665,7.344719054149673,11.951180395901384
7.495541943884256,7.495541943884256,12.384218830913648
6.705639094860003,7.546446273746024,12.277928082630602
6.663132695990803,7.302496423727326,12.09458226949681
6.590301048196686,7.176254532017144,11.982929094215963
7.001245622069476,7.001245622069476,11.813030057420567
6.396929655216146,6.875232087276577,10.542706391070517
6.376726947898627,6.9985096422506015,11.84939770159144
6.579251212010101,7.083387847625295,11.813030057420567
6.638567789166521,7.3938782901077555,12.061046873479915
6.822197390620491,6.822197390620491,11.507912923146684
7.2640301428995295,7.2640301428995295,12.111761966058932
6.590301048196686,7.610357618312838,12.028738630247258
6.511745329644728,7.231287004327616,12.013700752882718
6.0867747269123065,6.767343125265392,11.356271654924852
7.123672785204607,7.123672785204607,12.205572520488492
6.795705775173514,6.795705775173514,11.608235644774552
7.02197642307216,7.02197642307216,11.842229212112828
6.8501261661455,6.906754778648554,12.091783499128047
7.110696122978827,7.867871490396322,12.724866438945341
7.143617602704121,7.143617602704121,11.982272628789678
7.028201432058005,7.736307096548285,12.45254202214788
7.059617628291383,7.059617628291383,11.736069016284437
6.184148890937483,7.399398083331354,11.669929213779893
7.5652752818989315,7.570443252057374,12.88712700173598
6.742880635791903,7.615791072035833,12.180754837545884
6.646390514847729,7.362645270417825,12.190959007720126
7.241366283322318,7.779885115070522,12.759957758756611
6.82001636467413,7.462789157412448,12.031719258385396
6.71174039505618,7.523481312573497,12.138863895836725
6.620073206530356,7.313220387090301,12.066235700342375
7.438383530044307,7.4489161025442,12.729320789294722
6.616065185132817,7.114769448366463,11.708492248514204
6.956545443151569,6.956545443151569,11.824079893607152
7.273786317844895,7.273786317844895,12.128111104060462
6.914730892718563,6.981934677156389,11.418614785498987
7.079184394609668,7.0967213784947605,12.235631447771718
6.53813982376767,6.53813982376767,11.362102575235644
7.3613754289773485,7.3613754289773485,12.354492650648448
7.426549072397305,7.426549072397305,11.827042533619087
7.204892510204673,7.315883504509785,12.106252310247962
6.892641641172089,6.892641641172089,11.917723684090689
7.4127640174265625,7.4127640174265625,12.004568269319446
6.302618975744905,6.9957661563048505,11.385092093460344
7.444248649496705,7.444248649496705,12.388394202324129
6.915723448631314,7.3277805384216315,11.532728092266408
6.579251212010101,7.147559271189454,11.813030057420567
6.400257445308821,7.31455283232408,12.013700752882718
6.92951677076365,6.92951677076365,11.350406535472453
6.9865664594064265,6.9865664594064265,11.688558033613386
6.697034247666484,7.417580402414544,12.332705296463539
7.315883504509785,7.315883504509785,12.220961258023925
7.106606137727303,7.215239978730097,12.141534124392603
5.950642552587727,7.294377299288821,11.982929094215963
7.216709486709457,7.317212408359839,12.27134527214637
7.0317412587631285,7.0317412587631285,12.078239274020289
7.089243155027514,7.106606137727303,12.175613438045465
6.815639990074331,7.129297548929373,11.37366339763672
7.204892510204673,7.315883504509785,12.160028707028767
7.355641102974253,7.971776122880628,12.567237494741757
6.782192056006791,6.782192056006791,11.630708500626612
7.145196134997171,7.142036574706803,12.028738630247258
7.401231264413015,7.406103381237015,12.588190652108505
6.643789733147672,7.226936018493289,11.56171562913966
6.51025834052315,7.1049654482698426,11.678439903447801
6.530877627725885,7.564238475170491,11.982929094215963
6.714170529909472,8.033334015880062,12.190959007720126
7.198931240688173,7.832014180505469,12.644327576461329
7.4109518755836366,7.4109518755836366,12.345834587905333
6.824373670043086,6.860663671448287,11.693161515273161
7.3901814282264295,7.3901814282264295,12.661913960963405
6.961296045910167,7.724446645633537,12.567237494741757
6.302618975744905,7.203405521083095,11.48246625748552
6.4457198193855785,6.4457198193855785,11.289781913656018
7.033506484287697,7.497207223203318,11.951180395901384
6.684611727667927,7.397561535524052,12.061046873479915
7.174724309836376,7.174724309836376,12.185869938212655
7.29641326877392,7.753194269884341,12.477167914377556
7.8336002236611035,7.8336002236611035,12.535376392672774
7.596894438144544,7.961370201719511,13.229567991666638
6.897704943128636,6.897704943128636,11.884489021402711
7.171656822768514,7.171656822768514,12.080991165908294
7.182352111885263,7.182352111885263,12.206777397134413
6.704414354964107,7.589335823170617,12.013700752882718
7.103322062526113,7.330405211844402,11.881034786534624
6.970730078143525,7.5953872788539725,12.449018824140563
7.084226422097916,7.328437352895162,12.100712129872347
7.218176838403408,7.218176838403408,12.132695175725399
6.880384082186005,7.52294091807237,12.421184025147118
7.00669522683704,7.688913336864796,12.721885810807203
6.74993119378857,7.596392304064196,12.301382825334498
7.198931240688173,7.198931240688173,12.271392111650817
6.795705775173514,6.795705775173514,11.302204433654575
6.495265555937008,7.756623334538858,11.407564949312402
7.005789019253503,7.005789019253503,11.612770799939945
7.050989447068045,7.050989447068045,11.944707881395766
7.174724309836376,7.723120092266331,12.70076888736628
6.683360945766275,7.359467638255621,12.089538829274222
6.659293919683638,7.384610383176974,12.031123843065632
6.848005274576363,7.83241092718792,11.927680619985486
6.739336627357174,6.794586580876499,11.813030057420567
6.954638864880987,6.954638864880987,11.813030057420567
6.588926477533519,7.349873704738337,11.944707881395766
6.697034247666484,7.283448228756631,11.424094251263613
6.536691597591305,7.262628600974241,11.979799201207037
7.122866658599083,7.122866658599083,12.175613438045465
6.684611727667927,7.461640392208575,12.299107511497363
6.679599185844383,7.290292882446597,12.043553716032399
6.999422467507961,6.999422467507961,11.840789327054841
6.742880635791903,6.742880635791903,11.956970055045868
6.897704943128636,6.897704943128636,11.744037185933616
7.1372784372603855,7.1372784372603855,11.884489021402711
6.946975992135418,6.946975992135418,11.79810440720389
7.285506548522785,7.285506548522785,12.165250651009918
7.1316985104669115,7.1316985104669115,11.982929094215963
6.53813982376767,7.311886164077165,12.141534124392603
6.841615476477592,6.903747257584598,11.898187865760873
6.302618975744905,6.9957661563048505,11.332601910838946
6.9865664594064265,7.577121930876679,12.437184366493561
6.877296071497429,7.443663683115591,11.831379196088763
7.1284959456800365,7.1284959456800365,12.190959007720126
6.396929655216146,7.132497551660044,11.982929094215963
7.074116816197362,7.434847875211999,11.824079893607152
6.761572768804055,7.090076835776092,11.891361900690473
6.841615476477592,6.841615476477592,11.76756768334381
7.1808311990445555,7.1808311990445555,12.08069081199846
6.52795791762255,7.2115567333138015,11.751942365440728
6.97914527506881,6.992096427415888,12.043553716032399
6.51025834052315,7.188412736496954,11.759785542901755
7.147559271189454,7.3783837129967145,11.964001084330445
5.66988092298052,6.082218910376446,11.002099841204238
6.856461984594587,6.856461984594587,11.691071650353702
6.917705609835305,7.033506484287697,11.813030057420567
6.484635235635252,7.085064293952548,11.979799201207037
6.4457198193855785,7.171656822768514,11.571194373094205
7.288244401020124,7.871692664323645,12.691580461311874
6.813444599510896,7.273786317844895,12.100156419938624
6.7661917146603505,7.611347717403621,12.523525876315125
6.828712071641684,7.432483807917119,12.106252310247962
7.515344571180436,7.515344571180436,12.542544882151386
6.650279048587422,7.4133673356952405,12.144197241812087
6.688354713946762,7.582738488914411,12.230765258120545
6.704414354964107,6.704414354964107,11.77452020265869
6.915723448631314,6.915723448631314,11.809319478024031
6.725033642166843,6.725033642166843,11.669929213779893
7.458186157340487,7.458186157340487,12.669806661762314
6.0112671744041615,7.257707677160043,12.123234367221169
6.795705775173514,6.795705775173514,11.77528972943772
6.278521424165844,7.3783837129967145,11.84939770159144
6.946975992135418,6.946975992135418,11.803353763090035
6.919683849847411,6.919683849847411,11.681824001432043
7.347299700743164,7.347299700743164,12.26857785088157
6.51025834052315,6.866933284461882,11.626254150277232
6.548219102762372,6.548219102762372,11.678439903447801
5.950642552587727,7.301147805856032,12.00701176473192
6.912742820493176,6.912742820493176,11.652687407345388
7.224753405767971,7.349230824613334,12.066810578196666
7.333023014386481,7.333023014386481,12.464583340681674
6.741700694652055,7.580189417944541,12.2783933071098
6.841615476477592,6.841615476477592,11.84939770159144
7.022868086082641,7.591357046698551,11.813030057420567
6.881411303642535,6.881411303642535,11.44571671527678
6.915723448631314,7.700747794511798,11.67419361256635
7.028201432058005,7.61085279039525,12.386308695833106
6.82001636467413,7.3777589082278725,12.037653993905211
6.866933284461882,6.893656354602635,11.532728092266408
6.939253946041508,7.132497551660044,11.686878772093667
6.659293919683638,6.927557906278317,11.451050061252142
7.356918242356021,7.356918242356021,12.185869938212655
6.818924065275521,7.062191632286556,11.877568578558138
6.858565034791365,6.858565034791365,11.842229212112828
6.659293919683638,7.532623618788788,12.193493863323313
7.290292882446597,7.947325027016463,12.959538518762063
6.913737350659685,6.913737350659685,11.289781913656018
6.51025834052315,6.828712071641684,11.289781913656018
6.948897222313312,7.362645270417825,11.911701584927597
7.168579897264035,7.168579897264035,12.100712129872347
6.556778356158042,7.355001921105257,12.069680020624618
6.349138991379798,7.01301578963963,11.66907414746016
6.476972362889683,7.301147805856032,11.870599909242044
6.837332814685591,6.837332814685591,11.728036844587175
7.290292882446597,7.290292882446597,11.917723684090689
6.9782137426306985,7.501634457883413,12.345834587905333
6.704414354964107,6.704414354964107,11.699405031912846
6.761572768804055,7.506591780070841,12.215032386901646
7.270312886079025,7.270312886079025,12.292250341771226
7.105786129481271,7.142827401161621,12.100156419938624
7.1808311990445555,7.1808311990445555,12.345834587905333
7.365180126021013,7.365180126021013,12.367885325692589
6.803505257608338,7.53689712956617,12.128111104060462
6.75110146893676,7.283448228756631,11.891361900690473
7.16703787691222,7.402451520818244,12.319401330837177
6.795705775173514,6.795705775173514,11.76756768334381
7.088408778675395,7.1372784372603855,11.598726943661342
7.215239978730097,7.266827347520591,12.175613438045465
7.31455283232408,7.31455283232408,12.359523080243038
7.434847875211999,7.434847875211999,12.41044104151805
6.8658910748834385,7.421177528595393,12.061046873479915
7.027314514039777,7.653494909661253,12.367340793126296
7.5652752818989315,8.196161139282902,13.345506928718539
6.999422467507961,7.0192966537150445,12.049418835484797
7.13966033596492,7.13966033596492,12.0015054797889
6.437751649736401,7.1308988302963465,12.05466819137094
7.37650812632622,8.034631032923107,12.20856952572876
6.858565034791365,7.76004068088038,12.384218830913648
7.428333194190806,7.962763930168115,12.560244459250788
6.775366090936392,6.827629234502852,11.691071650353702
6.706862336602747,7.1098794630722715,11.652687407345388
6.594413459749778,7.202661196523238,11.95053502640496
7.103322062526113,7.829630389150193,12.429216196844383
7.3777589082278725,7.409741954080923,12.8802918162046
7.78155595923534,8.406485069431817,13.521139497361697
7.02108396428914,7.029972911706386,11.695247021764184
7.360103972989152,7.360103972989152,12.137258329529814
6.664409020350408,7.107425474110705,11.560762794384388
6.885509670034818,7.4377951216719325,11.461632170582678
7.392647520721623,7.392647520721623,12.476099782743233
6.7226297948554485,7.414572881350589,12.180754837545884
6.901737206656574,7.4977617006225685,12.14950229404178
7.130098510125578,7.3914152346753585,12.031719258385396
6.654152520183219,7.273092595999522,12.066810578196666
6.553933404025811,7.294377299288821,11.736069016284437
7.1098794630722715,7.1098794630722715,12.013700752882718
6.4967749901858625,7.20934025660291,11.970350312009105
6.590301048196686,7.283448228756631,12.078239274020289
6.778784897685177,7.529943370601589,12.297785453453374
6.703188113240863,7.432483807917119,11.877568578558138
7.10002716662926,7.10002716662926,12.089538829274222
6.957497370876951,7.231287004327616,11.904967552746252
6.761572768804055,6.761572768804055,11.661776411702583
6.763884908562435,7.483806687665835,12.195517131590657
6.784457062637643,7.206377291472252,11.669929213779893
7.396335293800808,7.396335293800808,12.269047444691562
6.962243464266207,6.97914527506881,11.941455846009388
7.67693714581808,7.694392802629421,12.513189630620563
6.962243464266207,6.962243464266207,11.580584113444043
7.427738840532894,7.438383530044307,12.206072645530174
6.836259277277067,7.1569563646156364,11.84939770159144
7.414572881350589,7.414572881350589,12.577636201962656
6.961296045910167,7.520234556474628,12.14950229404178
6.326149473155099,7.468513271496337,12.007621706806335
6.51025834052315,6.51025834052315,11.635143097694478
6.473890696352274,6.866933284461882,11.884489021402711
6.829793737512425,6.906754778648554,11.809319478024031
6.795705775173514,6.795705775173514,11.736069016284437
7.170119543449628,7.1808311990445555,12.343466568968994
6.51025834052315,7.1049654482698426,11.424094251263613
6.815639990074331,6.815639990074331,11.652687407345388
6.858565034791365,7.099201743553092,11.805595078933049
6.946975992135418,7.520776415062797,11.870599909242044
7.666690200080086,7.666690200080086,11.834284063781393
6.669498089857879,7.306531398939505,12.122691036591123
6.376726947898627,7.037027614686276,11.884489021402711
6.795705775173514,7.566828479208331,12.273731294003989
6.815639990074331,6.815639990074331,11.898187865760873
7.43955930913332,7.43955930913332,12.813917896253697
6.980075940561763,7.317876198626496,11.751942365440728
7.215975002651466,7.8709295967551425,12.154779351142624
7.00850518208228,7.081708586105575,11.794337924408413
7.080026499922591,7.080026499922591,11.863582336583399
6.84587987526405,7.582738488914411,11.77528972943772
6.616065185132817,7.486613313139955,11.841415931849784
6.638567789166521,7.3938782901077555,12.075394321888057
6.741700694652055,7.5745584842024805,12.180754837545884
7.039660349862076,7.039660349862076,11.867097278690842
7.297091005160418,7.302496423727326,12.490875577231112
6.784457062637643,7.477604243197589,12.323411137947407
7.4318919168078,7.4318919168078,12.422505731952896
6.959398512133975,7.067319848653476,12.043553716032399
7.638198244285779,7.638198244285779,13.049792684569493
6.674561391814426,7.324489979348532,12.345834587905333
6.371611847231857,7.532623618788788,12.089538829274222
6.628041376179533,7.347943823148687,12.136186518066006
6.919683849847411,6.9411900550683745,12.042965307660024
6.5998704992128365,7.629489916393995,11.771436160121729
6.775366090936392,6.895682697747868,11.686878772093667
7.6544432264701125,7.6544432264701125,12.404923504275338
7.247792581767846,7.247792581767846,12.053795210084596
6.761572768804055,6.773080375655535,11.77528972943772
7.083387847625295,7.681099001536359,12.591335046320818
6.61472560020376,7.412160334945205,12.016122061571728
6.784457062637643,7.220373836723949,11.755871643580617
7.593877844605118,7.594381242551817,12.616525295149378
6.761572768804055,6.761572768804055,11.511924964636645
6.752270376141742,7.061334366910438,12.154779351142624
6.960347729101308,6.960347729101308,11.925035115797062
6.734591659972948,7.423568444259167,12.106252310247962
6.956545443151569,6.956545443151569,11.766792188927278
7.00669522683704,7.488852955733459,11.992260421644849
6.638567789166521,7.508787170634276,12.103486056755072
7.247792581767846,7.198183577101943,12.106252310247962
6.53813982376767,7.280697195384741,12.122147410592412
6.829793737512425,7.543802867501509,11.711776323715394
7.601901959875166,7.609862200913554,12.84397135185964
6.590301048196686,8.145259566516865,12.850554654108839
6.773080375655535,7.329093736246592,11.877568578558138
7.194436851100335,7.329093736246592,12.468436909997665
7.305860032684009,7.305860032684009,12.132156962580005
6.840546529288687,6.840546529288687,11.827736204810263
6.926577033222725,7.213031659834869,12.083905011555967
6.493753839851686,7.1308988302963465,11.842229212112828
6.833031732786201,7.560080465021827,11.827736204810263
6.583409222158765,7.240649694255466,11.99535161421452
7.426549072397305,7.452402451223638,12.195517131590657
7.028201432058005,7.616283561580385,12.375815420117268
6.548219102762372,7.028201432058005,11.133128103610641
7.360739903058278,7.360739903058278,12.332705296463539
7.1770187659099,7.199678345691172,12.100712129872347
6.946975992135418,6.946975992135418,11.921718363171067
6.815639990074331,7.508787170634276,11.842229212112828
6.6895992691789665,7.802618063442671,12.037653993905211
6.659293919683638,7.252762418053187,11.794337924408413
7.191429330036379,7.191429330036379,11.870599909242044
7.392647520721623,7.366445148327599,12.154779351142624
7.313886831633462,7.413970290190444,12.535376392672774
6.98933526597456,7.585788821732034,12.546109948315882
7.049254841255837,7.049254841255837,12.103486056755072
6.4457198193855785,7.171656822768514,11.691071650353702
6.901737206656574,7.771488760117616,11.585246126549855
6.723832440821209,7.416979621381154,12.000891794590137
6.761572768804055,6.761572768804055,11.652687407345388
6.9584483932976555,6.9584483932976555,11.83862560460953
7.02108396428914,7.028201432058005,11.951180395901384
6.304448802421981,6.977281341630747,11.84939770159144
7.1276936993473985,7.1276936993473985,11.944707881395766
6.885509670034818,7.592366128519796,12.323855681186558
6.647688373563329,7.309212365692763,12.086725887897607
7.060476365999801,7.8343923029104365,12.577636201962656
7.38770923908104,7.38770923908104,12.354492650648448
6.883462586413092,7.443078374348516,11.77528972943772
7.409741954080923,7.409741954080923,12.691580461311874
7.221105098182496,7.221105098182496,12.218495165528731
6.897704943128636,6.897704943128636,11.835008964139341
6.828712071641684,7.022868086082641,11.898187865760873
7.15305163493748,7.165493475060845,12.096257779522967
7.550661243105336,7.550661243105336,12.721885810807203
7.149916836132109,7.149916836132109,12.220961258023925
7.2813856635702825,7.940939762327791,12.618182296357007
7.239214973779806,7.8628820346414905,12.716402146247475
6.854354502255021,6.854354502255021,11.686878772093667
6.858565034791365,7.655390644826152,12.239990863733635
7.3914152346753585,7.396335293800808,12.596400426884427
7.20934025660291,7.20934025660291,12.249610947544657
7.469083884921234,7.488293515159428,12.524526376648708
6.761572768804055,6.854354502255021,11.617285480294472
7.298445101508147,7.298445101508147,11.960811288962345
6.620073206530356,7.56164174558878,12.154779351142624
6.040254711277414,6.56244409369372,11.320553572322773
7.492760300922379,7.492760300922379,11.898187865760873
6.679599185844383,6.679599185844383,10.915088464214607
6.298949246855942,6.651571873589727,11.27720313144916
6.704414354964107,6.704414354964107,11.779128505744886
7.31986492980897,7.934513463882263,12.4529327234617
6.840546529288687,7.397561535524052,12.081076155355488
7.370230641807081,7.370230641807081,12.332705296463539
6.814542897259958,6.860663671448287,11.794337924408413
6.704414354964107,6.704414354964107,11.512925464970229
6.688354713946762,7.215239978730097,11.740061037553975
6.639875833826536,7.21890970761906,11.736069016284437
7.2078598714324755,7.195937226475569,12.031123843065632
7.412160334945205,7.412160334945205,11.813030057420567
6.541029999189903,6.541029999189903,10.868568448579715
6.82001636467413,7.528869256642251,12.206072645530174
6.761572768804055,6.761572768804055,11.763684183317412
6.754604099487962,6.77078942390898,11.719939634354555
7.01571242048723,7.01571242048723,11.951180395901384
7.157735484249907,7.682021510826875,12.339291489316397
6.79794041297493,7.556427969440253,12.083905011555967
6.590301048196686,7.283448228756631,11.956553034172742
6.866933284461882,6.866933284461882,11.594505451962652
7.357556200910353,7.6760099320288875,12.478006361013815
7.4570320891223805,7.4821189235521155,12.554836882168736
7.301147805856032,7.309212365692763,12.2783933071098
6.52795791762255,7.765569081097317,11.711776323715394
7.129297548929373,7.876258882303226,12.206072645530174
6.754604099487962,7.447751280047908,12.049418835484797
6.548219102762372,7.069874128458572,11.812289042195847
7.617267813628347,8.08271113423758,12.92391243868049
6.899723107284872,7.5310163320779155,12.367340793126296
6.345636360828596,7.560080465021827,12.043553716032399
6.761572768804055,6.79346613258001,11.608235644774552
6.982862751468942,6.982862751468942,11.917723684090689
6.628041376179533,7.360739903058278,12.086725887897607
7.590852123688581,7.590852123688581,12.66032791780777
6.416732282512326,7.8636512654486515,12.14950229404178
7.333023014386481,7.333023014386481,12.468436909997665
6.5722825426940075,7.460490305825338,11.560762794384388
6.423246963533519,7.252762418053187,11.963567869487337
6.396929655216146,7.090076835776092,11.87862357740665
6.70196036600254,7.422971251049421,12.283033686666302
6.771935555839602,7.489970898834801,12.170445467887022
6.6293632534374485,7.29641326877392,11.751942365440728
6.742880635791903,6.742880635791903,11.877568578558138
7.4127640174265625,7.419380582918692,12.354492650648448
6.733401891837359,7.2254814727822945,11.56171562913966
6.899723107284872,7.415175109613295,12.016726473799254
7.010311867307229,7.64826303090192,12.521977676925694
7.87587915949631,7.87587915949631,13.053013299269535
6.933423025730715,7.579678823090456,12.429216196844383
7.359467638255621,7.359467638255621,12.384218830913648
6.643789733147672,6.672032945461067,11.418614785498987
6.891625897052253,7.38025578842646,11.669929213779893
6.180016653652572,6.894670039433482,11.326595886778735
5.950642552587727,7.2399325913204695,12.028738630247258
6.761572768804055,6.761572768804055,10.976782033219948
7.094234845924755,7.6577552711348655,12.377922902456833
6.39024066706535,7.474204806496124,11.964001084330445
6.704414354964107,7.255591274253665,11.626254150277232
6.327936783729195,7.1372784372603855,11.56171562913966
6.679599185844383,7.050989447068045,11.740061037553975
7.238496840894365,7.931644021454311,12.429216196844383
6.570882962339584,7.8343923029104365,11.820410164718188
7.465082736399547,7.465082736399547,12.841325847671216
6.5998704992128365,7.1049654482698426,11.782952602183288
7.329749689041512,7.329749689041512,12.367340793126296
7.367708572374371,7.367708572374371,11.728036844587175
6.761572768804055,6.802394763324311,11.719939634354555
6.1779441140506,7.555905093611346,12.0015054797889
7.212294468500341,7.313220387090301,12.415433652431746
6.9975959829819265,7.8168199657645525,12.54686766829102
6.616065185132817,7.430707082545968,11.982929094215963
6.844815479208263,7.321849713788356,11.831379196088763
7.0967213784947605,7.55171221535131,11.835008964139341
6.883462586413092,7.382746449738912,11.83101549359339
6.759255270663693,7.05444965813294,11.695247021764184
6.732210706467206,7.373374309910049,12.170445467887022
7.1592919047975645,7.165493475060845,12.174989532116426
7.3031700512368,7.288927694521257,12.552926520261092
6.51025834052315,7.101675971619444,11.56171562913966
7.374001859350161,7.406103381237015,12.524526376648708
6.643789733147672,6.643789733147672,11.79810440720389
6.725033642166843,6.725033642166843,11.626254150277232
6.432940092739179,7.217443431696533,11.740061037553975
6.673297967767654,7.646353722445999,12.2783933071098
6.8501261661455,7.517520850603031,12.345834587905333
6.752270376141742,7.419380582918692,11.84939770159144
7.519692404116539,7.519692404116539,12.456831363877356
6.725033642166843,7.521859252201629,12.240474072247506
7.234177179749849,7.358193752733032,12.077670930725649
6.655440350367647,7.736307096548285,11.715866308966918
7.157735484249907,7.803843303538772,12.736700896592344
7.042286171939743,7.042286171939743,11.728036844587175
7.519692404116539,7.519692404116539,12.314927050442256
6.56244409369372,7.255591274253665,12.100156419938624
6.974478911025045,6.974478911025045,11.755871643580617
6.742880635791903,6.742880635791903,11.824079893607152
6.546785410760524,7.696667081526462,12.524417279788771
6.931471805599453,7.203405521083095,11.877568578558138
7.132497551660044,7.132497551660044,11.863582336583399
7.109062135687172,7.6624678152002375,12.509874099861838
6.816735880594968,7.351158226430694,11.84939770159144
6.669498089857879,6.6895992691789665,11.686878772093667
7.272398392570047,7.272398392570047,12.116694834378958
6.595780513961311,7.516433302915632,12.16597955196373
6.86484777797086,6.86484777797086,11.875830958659597
6.486160788944089,6.875232087276577,11.074420502783864
6.841615476477592,7.491087593534876,12.136186518066006
7.026426808699636,7.026426808699636,11.982929094215963
7.1846291527173145,7.337587743538596,12.066810578196666
6.761572768804055,6.761572768804055,11.699405031912846
7.566311014772463,7.566311014772463,12.885670953244288
6.815639990074331,7.119635638017636,11.91638857040772
6.289715570908998,7.45298232946546,12.190959007720126
6.376726947898627,7.845807502637805,12.160028707028767
6.742880635791903,6.742880635791903,11.913712983527281
6.92461239604856,7.604396348796338,12.644327576461329
6.858565034791365,6.858565034791365,11.703545824578878
7.259819610363186,7.259819610363186,12.098487434850236
6.70196036600254,6.816735880594968,11.76756768334381
7.080026499922591,7.080026499922591,11.969717200243734
7.106606137727303,7.644919344958857,12.388394202324129
6.327936783729195,7.204892510204673,11.626254150277232
6.4457198193855785,6.4457198193855785,11.429543856031177
6.79794041297493,7.491087593534876,11.820410164718188
7.360739903058278,7.363913501405819,12.567551034433226
6.304448802421981,6.977281341630747,11.884489021402711
7.038783541388542,7.038783541388542,11.344506813345266
7.107425474110705,7.107425474110705,12.128111104060462
6.859614903654202,7.4067107301776405,12.072541252905651
7.340835554123275,7.636752112435779,12.254862809699606
7.049254841255837,7.757906208351747,12.493129522588037
6.982862751468942,6.982862751468942,11.864462231052837
7.135687347028144,7.135687347028144,11.901583454762012